{
  "holdout": {
    "rmse": 717.5524286898084,
    "mae": 340.6978841388836,
    "r2": 0.9991545108054103
  },
  "cv_mean": {
    "rmse": 783.1826070721834,
    "mae": 342.3188820155394,
    "r2": 0.9990218467452809
  },
  "features_order": [
    "cap_unified",
    "fill_unified",
    "Current Wins",
    "Current Losses",
    "PRCP"
  ],
  "model": "RandomForestRegressor",
  "random_state": 42,
  "n_samples": 6672
}