{
  "holdout": {
    "rmse": 2107.7259565039776,
    "mae": 1188.7695639229314,
    "r2": 0.9927049365778673
  },
  "cv_mean": {
    "rmse": 1934.5362492212203,
    "mae": 1155.4491680701456,
    "r2": 0.9940571477101198
  },
  "features_order": [
    "cap_unified",
    "fill_unified",
    "Current Wins",
    "Current Losses",
    "PRCP"
  ],
  "model": "HistGradientBoostingRegressor",
  "random_state": 42,
  "n_samples": 6672
}